id,type,login
23488007867,PushEvent,MemsourceTesting
23488007871,PushEvent,mshodge
23488007894,PushEvent,Shadow1221a
23488007886,CreateEvent,Shikharcoder
23488007941,CreateEvent,bagantatiana
23488007824,PushEvent,kunedev
23488007819,PushEvent,rlwilliams34
23488007807,PushEvent,github-actions[bot]
23488007835,PushEvent,simonkernel
23488007809,PushEvent,JayaPolanki
23488007842,PushEvent,LombiqBot
23488007844,PushEvent,github-actions[bot]
23488007825,PushEvent,iamruveyda
23488007865,CreateEvent,drmingdrmer
23488007821,PushEvent,khurtwilliams
23488007797,PushEvent,spamalot22
23488007810,PushEvent,Master-Stroke
23488007799,CreateEvent,jaamanu
23488007815,CreateEvent,Robdep818
23488007748,PushEvent,Xnerro
23488007803,PushEvent,github-actions[bot]
23488007753,PushEvent,github-actions[bot]
23488007776,PushEvent,DhavalContrivertech
23488007781,PushEvent,luceteeun
23488007743,PushEvent,blackjid
23488007745,PushEvent,alexpassss
23488007751,PushEvent,tasuku43
23488007758,PushEvent,github-actions[bot]
23488007754,PushEvent,samirmarey848
23488007738,PushEvent,igorbk202
23488014775,PushEvent,simonkernel
23488014835,PushEvent,moppspace
23488014776,PushEvent,kenorb
23488014811,PushEvent,scriptzteam
23488014823,PublicEvent,Rayato159
23488014790,CreateEvent,wwwuuid2com28
23488014819,WatchEvent,masx200
23488014824,DeleteEvent,delete-merged-branch[bot]
23488014774,CreateEvent,hughmum
23488014739,IssueCommentEvent,VSCodeTriageBot
23488014693,PushEvent,Chris28-bui
23488014738,PushEvent,ewquon
23488014721,PushEvent,pascal65536
23488014712,PushEvent,kenobiwins
23488014704,PushEvent,BatmKey
23488014702,PushEvent,AmishAlvi
23488014728,PushEvent,GayathriBS25
23488014709,PushEvent,jonathanbratt
23488014769,CreateEvent,MrCarpi
23488014740,PushEvent,xsidc
23488014725,IssueCommentEvent,shanemcd
23488014708,IssuesEvent,VortexFeedback
23488014752,PullRequestReviewEvent,nizamial09
23488014635,PushEvent,SmallPigPeppa
23488014633,PushEvent,github-actions[bot]
23488014680,PullRequestReviewCommentEvent,ThatSpaceGuy
23488014638,PullRequestReviewEvent,ThatSpaceGuy
23488014647,PushEvent,baileys-li
23488014662,PushEvent,nancyscip
23488014629,PushEvent,vpnsuperapp
23487985360,PushEvent,emineliyev
23487985346,PullRequestReviewCommentEvent,by-d-sign
23487985321,PullRequestReviewEvent,by-d-sign
23487985350,PullRequestReviewEvent,ausmoons
23487985373,PullRequestReviewCommentEvent,ausmoons
23487985331,PullRequestReviewCommentEvent,ausmoons
23487985353,IssuesEvent,Gbislay
23487985271,PushEvent,vacseeker
23487985289,PushEvent,EliOceanak
23487985292,WatchEvent,retarpt
23487985343,WatchEvent,bellesea
23487985312,IssuesEvent,palamago
23487985326,PullRequestReviewCommentEvent,ausmoons
23487985276,PushEvent,Vlynn01
23487985280,PushEvent,svilkata
23487985281,PushEvent,restlessronin
23487985272,PushEvent,markus-k
23487985270,CreateEvent,lauretteisingizwe
23487985293,PullRequestEvent,spdtf
23487985250,PullRequestReviewEvent,by-d-sign
23487985234,IssueCommentEvent,openshift-ci[bot]
23487985254,PushEvent,Gabe616
23487985231,IssueCommentEvent,palamago
23487985242,PullRequestReviewEvent,ausmoons
23487985209,PullRequestReviewCommentEvent,gautam071
23487985185,IssueCommentEvent,jordanlewis-dngl
23487985187,PullRequestReviewEvent,nchamo
23487985213,PushEvent,petrosklg
23487985184,PushEvent,KatGGS
23487985178,PushEvent,bret99
23487929637,IssueCommentEvent,sukhada
23487929676,PushEvent,yousabu
23487929674,PushEvent,MathisGD
23487929661,PushEvent,BR-Junior
23487929682,PushEvent,predictcrypto
23487929673,PushEvent,kazukimikami
23487929588,PushEvent,allcontributors[bot]
23487929636,CreateEvent,github-actions[bot]
23487929580,IssuesEvent,sozysozbot
23487929591,PushEvent,moiify
23487929533,PushEvent,Callithrix-omics
23487929573,PushEvent,datho7561
23487929349,PushEvent,ofzlo
23487929578,PushEvent,edwardzuniga
23487929597,IssueCommentEvent,0xcadams
23487929522,ReleaseEvent,github-actions[bot]
23487929560,PushEvent,Mahalderk
23487929536,PushEvent,markbush
23487929501,DeleteEvent,balena-ci
23487929523,PushEvent,chengzhong001
23487929494,PushEvent,pull[bot]
23487929532,PushEvent,fathozt
23487929508,CreateEvent,ibrahimalangri
23487929447,PushEvent,InonAngel98
23487929496,DeleteEvent,DmytroKova
23487929420,PushEvent,brianway
23487929439,PushEvent,github-actions[bot]
23487929452,PushEvent,adamsorbie
23487929428,IssuesEvent,justbecoder
23487929425,IssueCommentEvent,dislbenn
23487963576,WatchEvent,evilgaoshu
23487963624,CreateEvent,gurram47
23487963529,PushEvent,afbeltranr
23487963558,IssueCommentEvent,karla-vm
23487963581,PullRequestEvent,hsluoyz
23487963532,PushEvent,mnw1020
23487963524,PushEvent,ikjo93
23487963526,PushEvent,Gabe616
23487963492,PushEvent,BadProfessor
23487963504,DeleteEvent,allanrg4
23487963536,PullRequestReviewEvent,QGarchery
23487963495,CreateEvent,Diyouf
23487963522,PushEvent,tiltingpenguin
23487963444,PushEvent,igrek-ovs
23487963462,PullRequestEvent,cchanmi
23487963480,IssuesEvent,mvashishtha
23487963457,PushEvent,na4zagin3
23487963413,PushEvent,xsidc
23487963429,PushEvent,kkukelka
23487963448,PushEvent,Sidalvik
23487963440,PushEvent,qJkee
23487963411,IssueCommentEvent,mvashishtha
23487963456,IssueCommentEvent,mergify[bot]
23487963426,WatchEvent,exqlnet
23487963471,PullRequestEvent,lindseyburnett
23487963425,CreateEvent,wwwuuid2com28
23487963368,PushEvent,signcla-test-unsigned
23487963384,PushEvent,LombiqBot
23487963376,PushEvent,HARPHUNA
23487963366,PushEvent,khurtwilliams
